,utc,new_latitude,new_longitude,latitude,longitude
0,1690354775.3400002,29.49942030815489,106.44174025333146,29.499403,106.441802
1,1690354775.36,29.499415970265925,106.441740525339,29.49940312367491,106.44180336042402
2,1690354775.38,29.499415979951923,106.44174568843076,29.499403247349825,106.44180472084805
3,1690354775.4,29.499415977912683,106.441744601464,29.499403371024737,106.44180608127209
4,1690354775.42,29.499415977912683,106.441744601464,29.49940349469965,106.44180744169611
5,1690354775.44,29.499415978422487,106.44174487320566,29.499403618374558,106.44180880212014
6,1690354775.46,29.49941598759948,106.44174976455665,29.49940374204947,106.44181016254417
7,1690354775.48,29.49941571695942,106.441750036315,29.499403865724382,106.4418115229682
8,1690354775.5,29.49941571695942,106.441750036315,29.49940398939929,106.44181288339223
9,1690354775.52,29.49941571695942,106.441750036315,29.499404,106.44181390459363
10,1690354775.54,29.499415717469283,106.44175030805675,29.499404,106.44181489399293
11,1690354775.56,29.4994157271572,106.44175547115069,29.499403999999995,106.44181588339222
12,1690354775.58,29.499415725627458,106.44175465592522,29.499404,106.44181687279152
13,1690354775.6,29.499415725627458,106.44175465592522,29.499404,106.44181786219082
14,1690354775.62,29.49941545498745,106.44175492768368,29.499404,106.4418188515901
15,1690354775.64,29.499415464166304,106.4417598190367,29.499404,106.4418198409894
16,1690354775.6599998,29.499415464676268,106.44176009077856,29.499404,106.44182083038869
17,1690354775.6799998,29.499415464676268,106.44176009077856,29.499404,106.44182212720848
18,1690354775.6999998,29.499415464676268,106.44176009077856,29.499404,106.44182348763252
19,1690354775.7199998,29.499415465186235,106.44176036252044,29.499404,106.44182484805654
20,1690354775.7399998,29.4994154743661,106.4417652538746,29.499404,106.44182620848058
21,1690354775.7600002,29.49941547487612,106.44176552561656,29.499404,106.4418275689046
22,1690354775.7800002,29.49941547487612,106.44176552561656,29.499404,106.44182892932862
23,1690354775.8000002,29.49941547385608,106.44176498213272,29.499404,106.44183028975266
24,1690354775.8200002,29.49941521188688,106.44176987350444,29.499404,106.44183165017668
25,1690354775.8400002,29.499415212396947,106.4417701452464,29.49940409187279,106.44183273498234
26,1690354775.86,29.499415212396947,106.4417701452464,29.499404215547703,106.44183372438164
27,1690354775.88,29.499415212396947,106.4417701452464,29.49940433922261,106.44183471378092
28,1690354775.9,29.499415212907017,106.4417704169884,29.499404462897523,106.4418357031802
29,1690354775.92,29.499415222088743,106.44177530834465,29.49940458657244,106.4418366925795
30,1690354775.94,29.49941522259887,106.44177558008673,29.499404710247347,106.4418376819788
31,1690354775.96,29.49941522259887,106.44177558008673,29.499404833922263,106.4418386713781
32,1690354775.98,29.49941522106851,106.44177476486055,29.49940495759717,106.44183966077738
33,1690354775.3400002,29.49941525882474,106.44179487377984,29.499405000000003,106.4418405689046
34,1690354775.36,29.499415268521386,106.44180003688344,29.499405,106.44184143462898
35,1690354775.38,29.49941526903176,106.4418003086258,29.499405000000003,106.44184230035336
36,1690354775.4,29.49941526903176,106.4418003086258,29.499405,106.44184316607775
37,1690354775.42,29.49941526903176,106.4418003086258,29.499405,106.44184403180212
38,1690354775.44,29.49941526903176,106.4418003086258,29.499405,106.4418448975265
39,1690354775.46,29.49941527719818,106.44180465650346,29.499405000000003,106.44184576325088
40,1690354775.48,29.499415277708607,106.44180492824586,29.499405,106.44184662897526
41,1690354775.5,29.499415277708607,106.44180492824586,29.49940507067138,106.44184784805653
42,1690354775.52,29.499415277708607,106.44180492824586,29.499405194346288,106.44184933215547
43,1690354775.54,29.499415287407217,106.4418100913517,29.4994053180212,106.4418508162544
44,1690354775.56,29.499415287407217,106.4418100913517,29.499405441696112,106.44185230035335
45,1690354775.58,29.49941555906762,106.44181036307754,29.499405565371028,106.44185378445229
46,1690354775.6,29.49941555906762,106.44181036307754,29.499405689045936,106.44185526855124
47,1690354775.62,29.499415296085772,106.44181471097367,29.49940581272085,106.44185675265018
48,1690354775.64,29.499415296085772,106.44181471097367,29.49940593639576,106.44185823674911
49,1690354775.6599998,29.499415296596304,106.44181498271618,29.499406060070672,106.4418594204947
50,1690354775.6799998,29.499415296596304,106.44181498271618,29.499406183745585,106.44186028621908
51,1690354775.6999998,29.499415296596304,106.44181498271618,29.4994063074205,106.44186115194347
52,1690354775.7199998,29.49941530629688,106.4418201458242,29.49940643109541,106.44186201766786
53,1690354775.7399998,29.49941530629688,106.4418201458242,29.499406554770317,106.44186288339222
54,1690354775.7600002,29.499415307318056,106.44182068930932,29.499406678445233,106.4418637491166
55,1690354775.7800002,29.499415576425648,106.44181960232248,29.49940680212014,106.441864614841
56,1690354775.8000002,29.499415586127128,106.44182476543156,29.499406925795054,106.44186548056538
57,1690354775.8200002,29.499415586127128,106.44182476543156,29.499407049469966,106.44186659363957
58,1690354775.8400002,29.49941558663776,106.44182503717415,29.49940717314488,106.44186807773852
59,1690354775.86,29.499415587148395,106.44182530891678,29.49940729681979,106.44186956183745
60,1690354775.88,29.499415587148395,106.44182530891678,29.4994074204947,106.4418710459364
61,1690354775.9,29.499415596850994,106.44183047202708,29.49940754416961,106.44187253003534
62,1690354775.92,29.499415868000916,106.44183047201048,29.499407667844523,106.44187401413429
63,1690354775.94,29.49941586646886,106.44182965678245,29.499407791519435,106.44187549823322
64,1690354775.96,29.49941586646886,106.44182965678245,29.499407915194347,106.44187698233216
65,1690354775.98,29.499415876172307,106.44183481989369,29.49940803886926,106.44187827208481
66,1690354776.0,29.49941587668304,106.44183509163642,29.49940816254417,106.4418791378092
67,1690354776.02,29.49941587719378,106.44183536337916,29.49940828621908,106.44188000353358
68,1690354776.04,29.499420215592504,106.44183536311328,29.499408409893995,106.44188086925796
69,1690354776.06,29.499420215592504,106.44183536311328,29.499408533568904,106.44188173498233
70,1690354776.08,29.499420225297072,106.44184052622576,29.499408657243816,106.44188260070672
71,1690354776.1,29.499420225297072,106.44184052622576,29.499408780918728,106.44188346643111
72,1690354776.12,29.499420494914624,106.4418397109808,29.49940890459364,106.44188433215548
73,1690354776.14,29.49942049542541,106.44183998272356,29.499409028268552,106.44188522614841
74,1690354776.1599998,29.49942050513088,106.44184514583708,29.49940915194346,106.4418862155477
75,1690354776.1799998,29.49942050513088,106.44184514583708,29.499409275618376,106.441887204947
76,1690354776.1999998,29.49942077679164,106.44184541756331,29.499409399293285,106.44188819434628
77,1690354776.2199998,29.49942077679164,106.44184541756331,29.4994095229682,106.44188918374559
78,1690354776.2399998,29.49942077679164,106.44184541756331,29.49940964664311,106.44189017314488
79,1690354776.2600002,29.499420786498177,106.441850580678,29.49940977031802,106.44189116254415
80,1690354776.2800002,29.49942078547639,106.44185003719218,29.499409893992933,106.44189215194346
81,1690354776.3000002,29.499421056626307,106.44185003717556,29.499410017667845,106.44189319434629
82,1690354776.3200002,29.499421056626307,106.44185003717556,29.499410141342757,106.44189455477031
83,1690354776.3400002,29.499421066333746,106.44185520029129,29.499410265017673,106.44189591519434
84,1690354776.36,29.499420252883983,106.44185520034112,29.49941038869258,106.44189727561837
85,1690354776.38,29.49942025390588,106.44185574382703,29.49941051236749,106.4418986360424
86,1690354776.4,29.4994202518621,106.44185465685524,29.499410636042406,106.44189999646643
87,1690354776.42,29.49942026157044,106.44185981997194,29.499410759717314,106.44190135689045
88,1690354776.44,29.499420532720364,106.44185981995533,29.499410883392226,106.44190271731449
89,1690354776.46,29.499420532720364,106.44185981995533,29.499411007067135,106.44190404946995
90,1690354776.48,29.499420533742352,106.44186036344136,29.499411130742047,106.44190491519434
91,1690354776.5,29.49942080489227,106.44186036342474,29.499411254416955,106.44190578091872
92,1690354776.52,29.49942081460173,106.44186552654268,29.49941137809187,106.4419066466431
93,1690354776.54,29.49942081460173,106.44186552654268,29.499411501766783,106.4419075123675
94,1690354776.56,29.49942081306859,106.44186471131346,29.499411625441695,106.44190837809188
95,1690354776.58,29.49942027076875,106.4418647113467,29.499411749116607,106.44190924381626
96,1690354776.6,29.499420280479058,106.44186987446558,29.49941187279152,106.44191010954064
97,1690354776.62,29.499420552140077,106.44187014619212,29.49941199646643,106.44191097526503
98,1690354776.64,29.499420552140077,106.44187014619212,29.499412240282684,106.44191244169613
99,1690354776.6599998,29.499420552651173,106.44187041793523,29.49941248763251,106.44191392579506
100,1690354776.6799998,29.499420823801096,106.44187041791862,29.499412734982332,106.441915409894
101,1690354776.6999998,29.4994205623626,106.4418755810554,29.499412982332156,106.44191689399294
102,1690354776.7199998,29.4994205623626,106.4418755810554,29.499413229681977,106.44191837809188
103,1690354776.7399998,29.49942083197907,106.44187476580922,29.499413477031805,106.44191986219082
104,1690354776.7600002,29.499420832490216,106.4418750375524,29.499413724381625,106.44192134628976
105,1690354776.7800002,29.499420299902702,106.4418802007068,29.49941397173145,106.4419228303887
106,1690354776.8000002,29.499420299902702,106.4418802007068,29.499414109540638,106.44192376678446
107,1690354776.8200002,29.499420299902702,106.4418802007068,29.499414233215546,106.44192463250883
108,1690354776.8400002,29.499420571563824,106.4418804724334,29.499414356890462,106.44192549823322
109,1690354776.86,29.499420571563824,106.4418804724334,29.49941448056537,106.4419263639576
110,1690354776.88,29.49942057974345,106.44188482032584,29.499414604240283,106.44192722968198
111,1690354776.9,29.499420850893376,106.44188482030924,29.499414727915195,106.44192809540637
112,1690354776.92,29.499420851404626,106.44188509205254,29.499414851590103,106.44192896113074
113,1690354776.94,29.499421122554548,106.44188509203592,29.499414975265015,106.44192982685512
114,1690354776.96,29.49942113226884,106.4418902551593,29.499415098939927,106.4419306925795
115,1690354776.98,29.499420319330387,106.44189052695248,29.499415222614843,106.44193155830388
116,1690354776.0,29.499420319330387,106.44189052695248,29.49941534628975,106.44193242402828
117,1690354776.02,29.499420317796478,106.44188971172242,29.499415469964664,106.44193328975265
118,1690354776.04,29.499420598661597,106.44189487483015,29.499415593639576,106.44193415547704
119,1690354776.06,29.499420598661597,106.44189487483015,29.499415717314488,106.4419350212014
120,1690354776.08,29.499420869811512,106.44189487481356,29.4994158409894,106.44193588692579
121,1690354776.1,29.499420870834225,106.4418954183004,29.499415964664312,106.44193675265018
122,1690354776.12,29.499421141984143,106.44189541828378,29.499416176678444,106.44193806007065
123,1690354776.14,29.499421151700457,106.4419005814094,29.49941642402827,106.4419395441696
124,1690354776.1599998,29.499425490099203,106.44190058114351,29.499416671378093,106.44194102826854
125,1690354776.1799998,29.499425488564977,106.44189976591306,29.499416918727913,106.44194251236749
126,1690354776.1999998,29.4994257597149,106.44189976589644,29.499417166077734,106.44194399646642
127,1690354776.2199998,29.499425769432065,106.44190492902302,29.499417413427558,106.44194548056537
128,1690354776.2399998,29.49942604058199,106.4419049290064,29.499417660777382,106.44194696466431
129,1690354776.2600002,29.499426041093447,106.44190520074991,29.499417908127207,106.44194844876324
130,1690354776.2800002,29.49942522815514,106.44190547254333,29.499418155477034,106.4419495441696
131,1690354776.3000002,29.49942522815514,106.44190547254333,29.499418402826855,106.44195040989399
132,1690354776.3200002,29.49942550902334,106.44191063565452,29.49941865017668,106.44195127561838
133,1690354776.3400002,29.49942550902334,106.44191063565452,29.4994188975265,106.44195214134275
134,1690354776.36,29.499425778638727,106.44190982040716,29.499419144876327,106.44195300706714
135,1690354776.38,29.499426049788653,106.44190982039052,29.499419392226148,106.44195387279152
136,1690354776.4,29.499426060019346,106.44191525526293,29.499419639575972,106.4419547385159
137,1690354776.42,29.499425246569576,106.44191525531276,29.499419886925793,106.44195560424028
138,1690354776.44,29.499425246569576,106.44191525531276,29.499420134275617,106.4419567385159
139,1690354776.46,29.499425517719494,106.44191525529614,29.499420381625438,106.44195809893993
140,1690354776.48,29.49942551823106,106.44191552703978,29.499420628975265,106.44195945936394
141,1690354776.5,29.499425797566385,106.44191987492204,29.49942087632509,106.441960819788
142,1690354776.52,29.499425797566385,106.44191987492204,29.499421123674914,106.44196218021202
143,1690354776.54,29.49942606871631,106.44191987490542,29.499421371024734,106.44196354063604
144,1690354776.56,29.499425526928075,106.44192014668238,29.499421618374555,106.44196490106008
145,1690354776.58,29.49942526498764,106.44192503808624,29.499421865724383,106.44196626148411
146,1690354776.6,29.49942553664922,106.4419253098134,29.499422113074207,106.44196739575972
147,1690354776.62,29.49942553664922,106.4419253098134,29.499422360424028,106.44196826148409
148,1690354776.64,29.499425807799145,106.44192530979676,29.49942260777385,106.4419691272085
149,1690354776.6599998,29.499425266010967,106.44192558157376,29.499422855123676,106.44196999293285
150,1690354776.6799998,29.49942527522145,106.44193047296214,29.4994231024735,106.44197085865724
151,1690354776.6999998,29.499425545347947,106.44192992945788,29.499423349823324,106.44197172438163
152,1690354776.7199998,29.499425545347947,106.44192992945788,29.49942359717315,106.44197259010602
153,1690354776.7399998,29.499425817009584,106.44193020118507,29.49942384452297,106.4419734558304
154,1690354776.7600002,29.49942609737085,106.44193509255778,29.499424045936394,106.44197436749117
155,1690354776.7800002,29.49942609788262,106.44193536430168,29.49942416961131,106.44197535689045
156,1690354776.8000002,29.499430165131475,106.44193536405244,29.499424293286218,106.44197634628975
157,1690354776.8200002,29.499430435257867,106.44193482054804,29.499424416961133,106.44197733568905
158,1690354776.8400002,29.499430715619997,106.44193971192172,29.499424540636042,106.44197832508834
159,1690354776.86,29.49943071613181,106.44193998366563,29.49942466431095,106.44197931448764
160,1690354776.88,29.49943098728173,106.44193998364902,29.499424787985863,106.44198030388692
161,1690354776.9,29.49943098728173,106.44193998364902,29.499424911660775,106.4419812932862
162,1690354776.92,29.4994304454937,106.44194025542622,29.499425106007067,106.44198238869258
163,1690354776.94,29.499430725856836,106.44194514680098,29.4994254770318,106.4419837491166
164,1690354776.96,29.499430997518623,106.44194541852836,29.499425848056536,106.44198510954062
165,1690354776.98,29.499430997518623,106.44194541852836,29.499426219081272,106.44198646996466
166,1690354777.0,29.499430184068853,106.4419454185782,29.499426590106005,106.44198783038868
167,1690354777.02,29.499430455730653,106.4419456903056,29.499426961130744,106.44198919081272
168,1690354777.04,29.499430734559024,106.44194976644935,29.499427332155477,106.44199055123674
169,1690354777.06,29.499430735070945,106.4419500381934,29.499427703180217,106.44199191166078
170,1690354777.08,29.499431006220867,106.44195003817678,29.499428049469966,106.44199317314488
171,1690354777.1,29.49943019328301,106.4419503099707,29.499428296819787,106.44199403886925
172,1690354777.12,29.499430202498083,106.44195520136417,29.499428544169614,106.44199490459363
173,1690354777.14,29.499430474159983,106.44195547309164,29.499428791519435,106.44199577031802
174,1690354777.1599998,29.49943074530991,106.44195547307504,29.49942903886926,106.4419966360424
175,1690354777.1799998,29.499431016459837,106.4419554730584,29.499429286219083,106.44199750176676
176,1690354777.1999998,29.49943102465181,106.44195982096464,29.499429533568907,106.44199836749115
177,1690354777.2199998,29.499430482863986,106.44196009274202,29.499429780918728,106.44199923321554
178,1690354777.2399998,29.499430754013908,106.4419600927254,29.499430042402825,106.44200015547702
179,1690354777.2600002,29.49943102516383,106.4419600927088,29.49943041342756,106.44200151590104
180,1690354777.2800002,29.499431025675857,106.44196036445298,29.499430784452297,106.44200287632508
181,1690354777.3000002,29.499435102141653,106.44196525559929,29.499431155477033,106.44200423674911
182,1690354777.3200002,29.49943537380366,106.44196552732689,29.499431526501766,106.44200559717314
183,1690354777.3400002,29.49943564495359,106.44196552731027,29.499431897526502,106.44200695759717
184,1690354777.36,29.499435916103515,106.44196552729365,29.49943226855124,106.4420083180212
185,1690354777.38,29.499435924297146,106.44196987520172,29.49943263957597,106.44200967844523
186,1690354777.4,29.499435653659344,106.44197014696265,29.499433007067136,106.44201102473497
187,1690354777.42,29.499435653659344,106.44197014696265,29.49943325441696,106.44201189045936
188,1690354777.44,29.49943592480927,106.44197014694602,29.49943350176678,106.44201275618374
189,1690354777.46,29.49943619595919,106.4419701469294,29.499433749116605,106.44201362190813
190,1690354777.48,29.499435392240333,106.44197531012114,29.49943399646643,106.4420144876325
191,1690354777.5,29.499435663390265,106.44197531010452,29.499434243816253,106.44201535335688
192,1690354777.52,29.49943566390244,106.44197558184888,29.499434491166074,106.44201621908127
193,1690354777.54,29.499435935052368,106.44197558183224,29.499434738515898,106.44201708480566
194,1690354777.56,29.499435129285644,106.44197965804766,29.499434985865722,106.44201795053004
195,1690354777.58,29.499435400435573,106.44197965803104,29.499435233215547,106.44201881625442
196,1690354777.6,29.49943567209773,106.4419799297588,29.499435480565367,106.44201968197879
197,1690354777.62,29.499435943759885,106.44198020148656,29.49943572791519,106.44202054770318
198,1690354777.64,29.4994351303101,106.44198020153642,29.499435975265015,106.44202141342757
199,1690354777.6599998,29.499435411192916,106.4419853646639,29.49943622261484,106.44202227915196
200,1690354777.6799998,29.499435411192916,106.4419853646639,29.499436469964664,106.44202314487632
201,1690354777.6999998,29.499435682855125,106.44198563639176,29.499436717314488,106.4420240106007
202,1690354777.7199998,29.499435951955927,106.44198454939732,29.499436964664312,106.44202487632508
203,1690354777.7399998,29.499440300088487,106.44198971227654,29.4994373180212,106.44202616607774
204,1690354777.7600002,29.499440571238413,106.44198971225993,29.499437689045937,106.44202752650176
205,1690354777.7800002,29.49944084290067,106.44198998398778,29.49943806007067,106.44202888692581
206,1690354777.8000002,29.4994411140506,106.44198998397115,29.499438431095406,106.44203024734983
207,1690354777.8200002,29.499440300600817,106.44198998402102,29.49943880212014,106.44203160777386
208,1690354777.8400002,29.499440581485537,106.44199514715066,29.499439173144875,106.44203296819789
209,1690354777.86,29.499440852635463,106.44199514713404,29.49943954416961,106.44203432862192
210,1690354777.88,29.499440310848,106.44199541891184,29.499439915194348,106.44203568904595
211,1690354777.9,29.49944058199792,106.44199541889525,29.49944019081272,106.44203666784452
212,1690354777.92,29.49944085314785,106.4419954188786,29.499440438162544,106.44203753356891
213,1690354777.94,29.499441134033635,106.44200058200946,29.49944068551237,106.44203839929328
214,1690354777.96,29.499440319046546,106.44199976682542,29.49944093286219,106.44203926501767
215,1690354777.98,29.4994405907089,106.44200003855345,29.49944118021201,106.44204013074204
216,1690354777.0,29.4994405907089,106.44200003855345,29.499441427561834,106.44204099646643
217,1690354777.02,29.49944114274552,106.4420052016686,29.499441674911658,106.4420418621908
218,1690354777.04,29.499440329295734,106.44200520171846,29.499441922261482,106.4420427279152
219,1690354777.06,29.499440329808223,106.44200547346314,29.49944233922261,106.44204393286218
220,1690354777.08,29.499440872108075,106.44200547342992,29.49944283392226,106.44204529328621
221,1690354777.1,29.499445210506927,106.44200547316404,29.499443328621908,106.44204665371024
222,1690354777.12,29.499445220244745,106.44201063631368,29.499443823321556,106.44204801413427
223,1690354777.14,29.49944548985706,106.44200982106284,29.4994443180212,106.44204937455831
224,1690354777.1599998,29.49944603215692,106.4420098210296,29.499444812720846,106.44205073498233
225,1690354777.1799998,29.499445218707127,106.44200982107944,29.499445307420494,106.44205209540635
226,1690354777.1999998,29.499445499595726,106.4420149842134,29.49944580212014,106.44205345583038
227,1690354777.2199998,29.499445770745652,106.4420149841968,29.499446148409895,106.44205451943463
228,1690354777.2399998,29.499446042408174,106.44201525592496,29.499446395759716,106.44205538515902
229,1690354777.2600002,29.499445500108315,106.4420152559582,29.499446643109543,106.4420562508834
230,1690354777.2800002,29.499445771258245,106.44201525594158,29.49944689045936,106.44205711660777
231,1690354777.3000002,29.499446052147903,106.44202041907675,29.499447137809188,106.44205798233216
232,1690354777.3200002,29.49944523869811,106.4420204191266,29.49944738515901,106.44205884805652
233,1690354777.3400002,29.49944551036069,106.44202069085485,29.499447632508833,106.44205971378092
234,1690354777.36,29.499445779460054,106.4420196038588,29.499447879858657,106.4420605795053
235,1690354777.38,29.49944606035056,106.44202476699488,29.49944812720848,106.44206144522967
236,1690354777.4,29.49944524690077,106.44202476704471,29.499448374558305,106.44206231095407
237,1690354777.42,29.499445518563395,106.44202503877304,29.49944862190813,106.44206317667845
238,1690354777.44,29.49944578971332,106.4420250387564,29.499448869257954,106.44206404240282
239,1690354777.46,29.49944606086325,106.4420250387398,29.499449116607778,106.44206490812721
240,1690354777.48,29.499450680153707,106.4420302016112,29.499449363957595,106.4420657738516
241,1690354777.5,29.49945095130364,106.4420302015946,29.49944961130742,106.44206663957597
242,1690354777.52,29.499450137853845,106.44203020164444,29.499449858657243,106.44206750530036
243,1690354777.54,29.49945040951652,106.4420304733728,29.499450212014132,106.44206853003533
244,1690354777.56,29.49945068066645,106.44203047335618,29.49945070671378,106.44206976678446
245,1690354777.58,29.49945096155908,106.44203563649464,29.49945120141343,106.44207100353357
246,1690354777.6,29.49945068835797,106.44203454953112,29.499451696113073,106.4420722402827
247,1690354777.62,29.49945096002069,106.44203482125954,29.499452190812722,106.44207347703181
248,1690354777.64,29.49945123117062,106.44203482124291,29.499452685512367,106.44207471378093
249,1690354777.6599998,29.49945042746438,106.4420399844488,29.49945318021201,106.44207595053004
250,1690354777.6799998,29.49945069861431,106.44203998443218,29.49945367491166,106.44207718727915
251,1690354777.6999998,29.499450969764244,106.44203998441556,29.499454084805656,106.44207829681979
252,1690354777.7199998,29.499450427977223,106.4420402561939,29.499454332155477,106.44207916254416
253,1690354777.7399998,29.49945069912716,106.44204025617728,29.4994545795053,106.44208002826855
254,1690354777.7600002,29.4994509800217,106.44204541931784,29.49945482685512,106.44208089399294
255,1690354777.7800002,29.499455318420598,106.442045419052,29.499455074204946,106.44208175971731
256,1690354777.8000002,29.49945558957053,106.44204541903538,29.49945532155477,106.44208262544171
257,1690354777.8200002,29.499455861233365,106.4420456907639,29.499455568904594,106.44208349116607
258,1690354777.8400002,29.499455326627363,106.44204976697472,29.499455816254418,106.44208435689046
259,1690354777.86,29.4994555977773,106.4420497669581,29.49945612720848,106.44208534982333
260,1690354777.88,29.49945587046608,106.4420505821771,29.499456621908127,106.44208671024735
261,1690354777.9,29.49945505547744,106.44204976699132,29.499457116607772,106.44208807067139
262,1690354777.92,29.499455326627363,106.44204976697472,29.49945761130742,106.44208943109541
263,1690354777.94,29.499455607523764,106.4420549301174,29.499458106007065,106.44209079151943
264,1690354777.96,29.49945533637383,106.44205493013402,29.499458600706713,106.44209215194348
265,1690354777.98,29.499455607523764,106.4420549301174,29.49945909540636,106.4420935123675
266,1690354778.0,29.499455879186694,106.44205520184605,29.499459590106007,106.44209487279153
267,1690354778.02,29.49945615033663,106.4420552018294,29.49946006360424,106.44209612720849
268,1690354778.04,29.49945561778429,106.44206036502314,29.499460434628972,106.44209686925795
269,1690354778.06,29.499455888934225,106.44206036500653,29.49946080565371,106.44209761130742
270,1690354778.08,29.499456160084154,106.4420603649899,29.499461176678444,106.4420983533569
271,1690354778.1,29.49946049899615,106.44206063646936,29.499461547703177,106.44209909540638
272,1690354778.12,29.49946076963303,106.44206036470744,29.499461918727917,106.44209983745583
273,1690354778.14,29.49946023708169,106.44206552790224,29.49946228975265,106.44210057950531
274,1690354778.1599998,29.49946050823163,106.44206552788565,29.499462660777382,106.44210132155479
275,1690354778.1799998,29.499460779381565,106.44206552786902,29.49946303180212,106.44210207420495
276,1690354778.1999998,29.499460235542383,106.44206471266612,29.499463402826855,106.44210293992933
277,1690354778.2199998,29.499460516441705,106.44206987581204,29.49946377385159,106.44210380565372
278,1690354778.2399998,29.499460789131103,106.44207069103172,29.499464144876328,106.4421046713781
279,1690354778.2600002,29.49946105874157,106.4420698757788,29.49946451590106,106.44210553710248
280,1690354778.2800002,29.49946078759164,106.44206987579544,29.499464886925796,106.44210640282685
281,1690354778.3000002,29.49946105874157,106.4420698757788,29.499465257950533,106.44210726855124
282,1690354778.3200002,29.499460255042155,106.44207503899231,29.499465628975265,106.44210813427563
283,1690354778.3400002,29.499460797342028,106.4420750389591,29.499466,106.442109
284,1690354778.36,29.49946106849196,106.44207503894248,29.499466494699647,106.44211023674912
285,1690354778.38,29.499465407404127,106.44207531042208,29.499466989399295,106.44211147349824
286,1690354778.4,29.49946594919079,106.4420750386434,29.499467484098943,106.44211271024736
287,1690354778.42,29.49946623009212,106.44208020179155,29.499467978798588,106.44211394699647
288,1690354778.44,29.49946541664232,106.4420802018414,29.499468473498233,106.44211518374559
289,1690354778.46,29.49946595894219,106.44208020180818,29.49946896819788,106.4421164204947
290,1690354778.48,29.49946514600564,106.44208047360355,29.499469462897522,106.44211765724381
291,1690354778.5,29.499465417155577,106.44208047358696,29.49946995759717,106.44211889399294
292,1690354778.52,29.499465969207904,106.44208563671968,29.499470339222615,106.44211979151945
293,1690354778.54,29.49946542639472,106.44208536500732,29.49947071024735,106.44212065724383
294,1690354778.56,29.499465697544657,106.4420853649907,29.499471081272084,106.4421215229682
295,1690354778.58,29.499466239844526,106.44208536495748,29.499471452296817,106.44212238869258
296,1690354778.6,29.499465426908035,106.4420856367529,29.49947182332155,106.44212325441697
297,1690354778.62,29.499465707298068,106.44209052815772,29.49947219434629,106.44212412014134
298,1690354778.64,29.49947031530692,106.44208971263828,29.499472565371025,106.44212498586573
299,1690354778.6599998,29.49947058799693,106.44209052785864,29.499472936395758,106.44212585159012
300,1690354778.6799998,29.499470859146868,106.44209052784204,29.49947340989399,106.44212702473499
301,1690354778.6999998,29.49947032454777,106.44209460406054,29.49947390459364,106.4421282614841
302,1690354778.7199998,29.499470596211115,106.44209487578966,29.499474399293288,106.44212949823323
303,1690354778.7399998,29.499470867361048,106.44209487577304,29.499474893992932,106.44213073498234
304,1690354778.7600002,29.49947032454777,106.44209460406054,29.49947538869258,106.44213197173146
305,1690354778.7800002,29.499470596211115,106.44209487578966,29.499475883392222,106.44213320848058
306,1690354778.8000002,29.499470063153048,106.44209976724622,29.49947637809187,106.4421344452297
307,1690354778.8200002,29.499470334816447,106.44210003897538,29.49947687279152,106.44213568197881
308,1690354778.8400002,29.499470605452924,106.442099767213,29.499477275618375,106.44213664310955
309,1690354778.86,29.499470334302984,106.4420997672296,29.499477646643108,106.44213750883392
310,1690354778.88,29.499470605966383,106.44210003895876,29.49947801766784,106.4421383745583
311,1690354778.9,29.499471157509014,106.44210493034994,29.499478388692577,106.44213924028269
312,1690354778.92,29.4994752252716,106.44210520184652,29.499478759717313,106.44214010600707
313,1690354778.94,29.49947576705797,106.44210493006749,29.499479130742046,106.44214097173145
314,1690354778.96,29.49947603820791,106.44210493005086,29.499479501766782,106.44214183745584
315,1690354778.98,29.49947576757148,106.44210520181328,29.499479872791518,106.44214270318022
316,1690354778.0,29.49947604796514,106.44211009322215,29.49948024381625,106.4421434876325
317,1690354778.02,29.499475505665256,106.44211009325538,29.49948061484099,106.44214422968199
318,1690354778.04,29.4994757768152,106.44211009323875,29.499480985865727,106.44214497173147
319,1690354778.06,29.49947604796514,106.44211009322215,29.49948135689046,106.44214571378092
320,1690354778.08,29.499475506178825,106.44211036500128,29.499481727915192,106.4421464558304
321,1690354778.1,29.499475786573434,106.44211525641118,29.49948209893993,106.44214719787986
322,1690354778.12,29.49947551593711,106.44211552817376,29.49948246996466,106.44214793992933
323,1690354778.14,29.499475786573434,106.44211525641118,29.4994828409894,106.44214868197881
324,1690354778.1599998,29.499480124972475,106.44211525614531,29.49948335335689,106.44214970671378
325,1690354778.1799998,29.499480396636034,106.44211552787468,29.49948397173145,106.44215094346289
326,1690354778.1999998,29.49948094766787,106.44212014752304,29.499484590106007,106.44215218021202
327,1690354778.2199998,29.49948040588166,106.44212041930226,29.499485208480564,106.44215341696113
328,1690354778.2399998,29.49948094818154,106.44212041926905,29.49948582685512,106.44215465371025
329,1690354778.2600002,29.499481219331475,106.44212041925242,29.499486445229685,106.44215589045936
330,1690354778.2800002,29.4994806770316,106.44212041928564,29.499487063604242,106.44215712720849
331,1690354778.3000002,29.499480957428062,106.44212531069763,29.499487681978795,106.4421583639576
332,1690354778.3200002,29.49948041564191,106.44212558247696,29.499488180212012,106.4421594204947
333,1690354778.3400002,29.49948068627813,106.44212531071426,29.49948855123675,106.44216028621909
334,1690354778.36,29.499480415128183,106.44212531073087,29.499488922261484,106.44216115194348
335,1690354778.38,29.49948095794179,106.44212558244372,29.499489293286217,106.44216201766784
336,1690354778.4,29.499481238339207,106.44213047385676,29.499489664310953,106.44216288339223
337,1690354778.42,29.49948557725205,106.44213074533702,29.49949003533569,106.44216374911662
338,1690354778.44,29.499485847888216,106.4421304735743,29.499490406360422,106.442164614841
339,1690354778.46,29.499485576738277,106.44213047359092,29.49949077738516,106.44216548056536
340,1690354778.48,29.499485848401992,106.4421307453204,29.499491247349823,106.44216644522969
341,1690354778.5,29.49948531483672,106.4421353650382,29.49949186572438,106.44216755830388
342,1690354778.52,29.499485586500484,106.44213563676776,29.499492484098937,106.44216867137808
343,1690354778.54,29.49948612880037,106.44213563673452,29.499493102473494,106.44216978445229
344,1690354778.56,29.49948558598666,106.44213536502158,29.499493720848058,106.4421708975265
345,1690354778.58,29.499485857650427,106.44213563675116,29.499494339222615,106.44217201060071
346,1690354778.6,29.49948559574982,106.44214052819952,29.49949495759717,106.4421731236749
347,1690354778.62,29.499485866899764,106.4421405281829,29.499495575971732,106.44217423674912
348,1690354778.64,29.499490205298866,106.44214052791703,29.499496116607773,106.44217527208481
349,1690354778.6599998,29.49949047644881,106.44214052790043,29.499496487632513,106.4421761378092
350,1690354778.6799998,29.49949101874869,106.4421405278672,29.499496858657245,106.44217700353357
351,1690354778.6999998,29.499490756848992,106.4421454193166,29.49949722968198,106.44217786925796
352,1690354778.7199998,29.499491028512864,106.44214569104624,29.499497600706714,106.44217873498233
353,1690354778.7399998,29.499490486212977,106.44214569107947,29.49949797173145,106.44217960070672
354,1690354778.7600002,29.499490756848992,106.4421454193166,29.499498342756183,106.4421804664311
355,1690354778.7800002,29.499490214549105,106.44214541934984,29.49949871378092,106.44218133215549
356,1690354778.8000002,29.49949076661412,106.44215058249668,29.499499084805652,106.44218216961131
357,1690354778.8200002,29.49949103725008,106.44215031073372,29.49949945583039,106.44218291166078
358,1690354778.8400002,29.499490495464173,106.44215058251328,29.49949982685512,106.44218365371025
359,1690354778.86,29.49949103776406,106.44215058248004,29.499500197879854,106.44218439575971
360,1690354778.88,29.499495375649204,106.44215031046788,29.499500568904594,106.44218513780919
361,1690354778.9,29.49949592771517,106.44215547361584,29.499500939929327,106.44218587985866
362,1690354778.92,29.49949538541528,106.44215547364908,29.499501310954063,106.44218662190814
363,1690354778.94,29.49949592771517,106.44215547361584,29.4995016819788,106.4421873639576
364,1690354778.96,29.49949538541528,106.44215547364908,29.499502088339224,106.44218817667844
365,1690354778.98,29.499495927201146,106.4421552018694,29.49950270671378,106.44218941342757
366,1690354779.0,29.49949620811812,106.44216036503504,29.49950332508834,106.44219065017668
367,1690354779.02,29.499495665818227,106.44216036506826,29.4995039434629,106.4421918869258
368,1690354779.04,29.49949593748225,106.4421606367981,29.499504561837455,106.44219312367491
369,1690354779.06,29.499495394668283,106.44216036508487,29.49950518021201,106.44219436042403
370,1690354779.08,29.499495936968174,106.44216036505163,29.499505798586576,106.44219559717314
371,1690354779.1,29.49950028513536,106.44216552796918,29.499506416961133,106.44219683392227
372,1690354779.12,29.49950082692112,106.4421652561894,29.499507028268553,106.44219804240282
373,1690354779.14,29.49950028513536,106.44216552796918,29.499507522968198,106.4421987844523
374,1690354779.1599998,29.49950082692112,106.4421652561894,29.499508017667843,106.44219952650177
375,1690354779.1799998,29.499500284621227,106.44216525622264,29.49950851236749,106.44220026855123
376,1690354779.1999998,29.49950083669011,106.44217041937384,29.499509007067136,106.44220101060071
377,1690354779.2199998,29.49950029387604,106.44217014766048,29.49950950176678,106.44220175265018
378,1690354779.2399998,29.499500565540163,106.44217041939046,29.49950999646643,106.44220249469964
379,1690354779.2600002,29.49950110784006,106.44217041935724,29.499510491166074,106.44220323674912
380,1690354779.2800002,29.499500565025983,106.44217014764388,29.499510985865722,106.44220397879859
381,1690354779.3000002,29.49950084594587,106.4421753108128,29.499511600706715,106.44220520141344
382,1690354779.3200002,29.49950545498076,106.44217503878366,29.49951221908127,106.44220643816256
383,1690354779.3400002,29.49950599779489,106.44217531049708,29.499512837455832,106.44220767491166
384,1690354779.36,29.49950545549499,106.44217531053032,29.49951345583039,106.4422089116608
385,1690354779.38,29.49950572613071,106.44217503876703,29.499514074204946,106.44221014840988
386,1690354779.4,29.499505464751657,106.44218020197025,29.499514692579506,106.44221138515903
387,1690354779.42,29.49950600653728,106.4421799301903,29.499515310954067,106.44221262190814
388,1690354779.44,29.499505464751657,106.44218020197025,29.499515929328624,106.44221385865724
389,1690354779.46,29.499505735901607,106.4421802019536,29.499516438162544,106.44221465724382
390,1690354779.48,29.499505193087423,106.44217993024016,29.499516932862193,106.44221539929327
391,1690354779.5,29.499505745159176,106.44218509339456,29.499517427561837,106.44221614134275
392,1690354779.52,29.499510354708327,106.44218509311207,29.499517922261482,106.44221688339223
393,1690354779.54,29.49951062585828,106.44218509309547,29.49951841696113,106.44221762544171
394,1690354779.56,29.499511168158172,106.44218509306224,29.49951891166078,106.44221836749117
395,1690354779.58,29.499510625343945,106.44218482134876,29.499519406360424,106.44221910954064
396,1690354779.6,29.4995103639668,106.44218998455402,29.499519901060072,106.44221985159011
397,1690354779.62,29.49951063511675,106.4421899845374,29.49952029681979,106.44222059363959
398,1690354779.64,29.499511177416647,106.44218998450415,29.499520667844525,106.44222133568907
399,1690354779.6599998,29.49951063511675,106.4421899845374,29.499521038869258,106.44222207773853
400,1690354779.6799998,29.499511176902264,106.44218971275738,29.499521409893994,106.442222819788
401,1690354779.6999998,29.499510644376123,106.44219487598038,29.499521780918727,106.44222356183747
402,1690354779.7199998,29.49951525546862,106.44219569093848,29.499522151943463,106.44222430388695
403,1690354779.7399998,29.499515796225204,106.44219487566468,29.4995225229682,106.4422250459364
404,1690354779.7600002,29.49951606737516,106.44219487564808,29.499522893992932,106.44222578798586
405,1690354779.7800002,29.499515526618573,106.44219569092186,29.499523530035336,106.44222679505302
406,1690354779.8000002,29.499516076635437,106.44219976709202,29.499524272084802,106.44222790812721
407,1690354779.8200002,29.49951580702895,106.4422005823494,29.49952501413427,106.4422290212014
408,1690354779.8400002,29.4995160781789,106.44220058233276,29.499525756183743,106.44223013427562
409,1690354779.86,29.499515535879,106.442200582366,29.499526498233216,106.44223124734982
410,1690354779.88,29.4995160781789,106.44220058233276,29.499527240282685,106.44223236042401
411,1690354779.9,29.499515535879,106.442200582366,29.499527982332157,106.44223347349822
412,1690354779.92,29.49951608744023,106.44220547377792,29.499528724381626,106.44223458657244
413,1690354779.94,29.499520696989443,106.44220547349546,29.499529310954067,106.4422355441696
414,1690354779.96,29.499520967624854,106.44220520173188,29.499529805653708,106.44223640989398
415,1690354779.98,29.49952042583949,106.44220547351208,29.499530300353356,106.44223727561838
416,1690354779.0,29.499520967624854,106.44220520173188,29.499530795053005,106.44223814134276
417,1690354779.02,29.499520706251676,106.4422103649416,29.49953128975265,106.44223900706714
418,1690354779.04,29.499521248036988,106.44221009316132,29.499531784452298,106.4422398727915
419,1690354779.06,29.499520705737083,106.44221009319456,29.499532279151943,106.4422407385159
420,1690354779.08,29.49952016343717,106.4422100932278,29.49953277385159,106.44224160424028
421,1690354779.1,29.499520705737083,106.44221009319456,29.499533335689048,106.44224260424028
422,1690354779.12,29.4995253245494,106.4422149843592,29.499533954063605,106.44224371731448
423,1690354779.14,29.49952559569936,106.44221498434256,29.49953457243816,106.44224483038867
424,1690354779.1599998,29.49952613748463,106.44221471256228,29.499535190812722,106.4422459434629
425,1690354779.1799998,29.49952559569936,106.44221498434256,29.49953580918728,106.4422470565371
426,1690354779.1999998,29.49952613748463,106.44221471256228,29.49953642756184,106.4422481696113
427,1690354779.2199998,29.49952559672864,106.44221552783678,29.499537045936396,106.44224928268551
428,1690354779.2399998,29.499525335357475,106.44222069104876,29.499537664310953,106.44225039575971
429,1690354779.2600002,29.49952587714269,106.44222041926837,29.499538226148413,106.44225133922262
430,1690354779.2800002,29.499525334842776,106.4422204193016,29.499538720848058,106.44225208127209
431,1690354779.3000002,29.49952587714269,106.44222041926837,29.499539215547706,106.44225282332155
432,1690354779.3200002,29.499530486691956,106.44222041898588,29.49953971024735,106.44225356537103
433,1690354779.3400002,29.49953103825686,106.44222531040192,29.499540204947,106.44225430742048
434,1690354779.36,29.499530495956943,106.44222531043512,29.499540699646644,106.44225504946996
435,1690354779.38,29.499531037742116,106.44222503865468,29.499541194346293,106.44225579151943
436,1690354779.4,29.499530224806986,106.44222531045176,29.49954168904594,106.4422565335689
437,1690354779.42,29.499531037742116,106.44222503865468,29.499542183745586,106.44225727561837
438,1690354779.44,29.49953050522284,106.44223020188537,29.49954267844523,106.44225801766784
439,1690354779.46,29.49953104700796,106.44222993010486,29.499543173144875,106.4422587597173
440,1690354779.48,29.499530775857995,106.44222993012148,29.499543667844524,106.44225950176678
441,1690354779.5,29.49953104700796,106.44222993010486,29.49954416254417,106.44226024381626
442,1690354779.52,29.49953565810165,106.4422307450642,29.499544657243817,106.44226098586572
443,1690354779.54,29.499536208123917,106.44223482124036,29.49954515194346,106.4422617279152
444,1690354779.56,29.49953566736854,106.44223563651556,29.499545646643107,106.44226246996466
445,1690354779.58,29.49953512506863,106.4422356365488,29.499546212014135,106.4422633180212
446,1690354779.6,29.49953566685369,106.44223536476824,29.499546954063604,106.44226443109541
447,1690354779.62,29.499535396218583,106.4422356365322,29.499547696113076,106.44226554416962
448,1690354779.64,29.49953593800365,106.44223536475162,29.49954843816254,106.44226665724382
449,1690354779.6599998,29.49953540548638,106.44224052798452,29.499549180212014,106.44226777031803
450,1690354779.6799998,29.4995359472714,106.4422402562039,29.499549922261487,106.44226888339222
451,1690354779.6999998,29.49954055682072,106.44224025592143,29.499550664310952,106.44226999646642
452,1690354779.7199998,29.49954028567076,106.44224025593806,29.499551406360425,106.44227110954063
453,1690354779.7399998,29.49954055630582,106.44223998417408,29.49955209893993,106.4422721484099
454,1690354779.7600002,29.49954029493941,106.4422451473914,29.499552593639578,106.44227289045936
455,1690354779.7800002,29.499540565574424,106.44224487562737,29.49955308833922,106.44227363250883
456,1690354779.8000002,29.499540565574424,106.44224487562737,29.499553583038868,106.44227437455831
457,1690354779.8200002,29.499540836724385,106.44224487561073,29.499554077738516,106.44227511660777
458,1690354779.8400002,29.499540565574424,106.44224487562737,29.49955457243816,106.44227585865724
459,1690354779.86,29.4995411094192,106.44224569083642,29.49955506713781,106.44227660070672
460,1690354779.88,29.4995457282382,106.44225058200836,29.499555561837454,106.44227734275619
461,1690354779.9,29.49954627053813,106.44225058197514,29.499556098939927,106.4422781272085
462,1690354779.92,29.499545727723195,106.44225031026087,29.49955696466431,106.44227924028269
463,1690354779.94,29.49954518593828,106.4422505820416,29.499557830388692,106.44228035335689
464,1690354779.96,29.499545727723195,106.44225031026087,29.499558696113073,106.4422814664311
465,1690354779.98,29.4995454663588,106.44225547348046,29.499559561837454,106.4422825795053
466,1690354780.0,29.499546008143664,106.44225520169968,29.499560427561835,106.44228369257951
467,1690354780.02,29.49954546532869,106.44225492998537,29.49956129328622,106.4422848056537
468,1690354780.04,29.499546008143664,106.44225520169968,29.4995621590106,106.4422859187279
469,1690354780.06,29.49955088832796,106.44225492965305,29.499563014134274,106.44228702120141
470,1690354780.08,29.499551169264382,106.44226009284036,29.49956350883392,106.44228776325087
471,1690354780.1,29.499550897599317,106.44225982110936,29.499564003533564,106.44228850530034
472,1690354780.12,29.4995503568447,106.44226063638544,29.499564498233212,106.44228924734982
473,1690354780.14,29.499550899144623,106.4422606363522,29.49956499293286,106.4422899893993
474,1690354780.1599998,29.49955062747956,106.44226036462118,29.49956548763251,106.44229073144876
475,1690354780.1799998,29.499551170294595,106.44226063633558,29.499565982332154,106.44229147349824
476,1690354780.1999998,29.499550637267077,106.44226552782634,29.499566477031802,106.44229221554771
477,1690354780.2199998,29.49955117905185,106.44226525604545,29.499566971731447,106.44229295759718
478,1690354780.2399998,29.499556059236063,106.4422649839987,29.499567466431095,106.44229369964664
479,1690354780.2600002,29.49955551693613,106.44226498403192,29.49956796113074,106.44229444169612
480,1690354780.2800002,29.499556059236063,106.4422649839987,29.499568455830385,106.44229518374559
481,1690354780.3000002,29.499555525694145,106.44226960374262,29.499568950530033,106.44229592579507
482,1690354780.3200002,29.49955606850928,106.44226987545709,29.49956944522968,106.44229666784452
483,1690354780.3400002,29.499555527754968,106.4422706907335,29.49956993992933,106.442297409894
484,1690354780.36,29.499555525694145,106.44226960374262,29.499570434628975,106.44229815194348
485,1690354780.38,29.49955606953969,106.44227041895252,29.49957092932862,106.44229889399294
486,1690354780.4,29.49956067908913,106.44227041867003,29.49957174204947,106.44229984805654
487,1690354780.42,29.499561230663275,106.44227531009636,29.49957260777385,106.44230083745583
488,1690354780.44,29.499560688363346,106.4422753101296,29.499573473498234,106.44230182685513
489,1690354780.46,29.49956041669812,106.44227503839844,29.499574339222615,106.44230281625443
490,1690354780.48,29.49956095899805,106.4422750383652,29.499575204946996,106.44230380565372
491,1690354780.5,29.49956041669812,106.44227503839844,29.499576070671377,106.44230479505299
492,1690354780.52,29.49956096775781,106.44227965807784,29.499576936395762,106.4423057844523
493,1690354780.54,29.49956096827312,106.44227992982567,29.49957780212014,106.4423067738516
494,1690354780.56,29.499565579368515,106.44228074478674,29.4995784770318,106.44230757243815
495,1690354780.58,29.499566121153137,106.44228047300564,29.49957909540636,106.44230831448763
496,1690354780.6,29.4995655788532,106.44228047303888,29.499579713780918,106.44230905653711
497,1690354780.62,29.499566121153137,106.44228047300564,29.499580332155478,106.44230979858656
498,1690354780.64,29.49956585876388,106.44228509273596,29.49958095053004,106.44231054063604
499,1690354780.6599998,29.499565316979297,106.4422853645171,29.499581568904595,106.44231128268552
500,1690354780.6799998,29.49956585876388,106.44228509273596,29.499582187279152,106.44231202473497
501,1690354780.6999998,29.49956585824852,106.44228482098808,29.499582805653713,106.44231276678445
502,1690354780.7199998,29.49957019664804,106.44228482072224,29.499583508833922,106.44231376325088
503,1690354780.7399998,29.49957074822485,106.44228971215148,29.49958425088339,106.44231487632509
504,1690354780.7600002,29.499570478621116,106.44229052741196,29.49958499293286,106.4423159893993
505,1690354780.7800002,29.499571020921056,106.44229052737874,29.499585734982332,106.44231710247351
506,1690354780.8000002,29.499570749771085,106.44229052739536,29.499586477031805,106.44231821554771
507,1690354780.8200002,29.499570206955728,106.44229025568062,29.49958721908127,106.4423193286219
508,1690354780.8400002,29.49957074925567,106.44229025564738,29.499587961130743,106.44232044169611
509,1690354780.86,29.499570758533544,106.442295147111,29.499588703180212,106.44232155477032
510,1690354780.88,29.49957509693309,106.44229514684515,29.499589371024733,106.44232237102474
511,1690354780.9,29.49957563871757,106.44229487506394,29.49958998939929,106.4423229893993
512,1690354780.92,29.49957563871757,106.44229487506394,29.499590607773854,106.44232360777386
513,1690354780.94,29.49957618101752,106.44229487503073,29.49959122614841,106.44232422614841
514,1690354780.96,29.49957564026396,106.44229569030796,29.499591844522968,106.44232484452297
515,1690354780.98,29.49957537787735,106.44230031004122,29.499592462897525,106.44232546289753
516,1690354780.0,29.49957592069281,106.44230058175609,29.49959308127208,106.44232608127209
517,1690354780.02,29.49957564902732,106.4423003100246,29.499593699646642,106.44232669964664
518,1690354780.04,29.49958025806136,106.4423000379941,29.4995943180212,106.44232738162545
519,1690354780.06,29.499580800876817,106.44230030970893,29.49959493639576,106.44232812367493
520,1690354780.08,29.499580538491006,106.44230492944313,29.499595554770316,106.44232886572439
521,1690354780.1,29.49958026734103,106.44230492945972,29.499596173144873,106.44232960777386
522,1690354780.12,29.49958081118768,106.44230574467086,29.499596791519437,106.44233034982332
523,1690354780.14,29.499580268372164,106.44230547295597,29.499597409893994,106.44233109187279
524,1690354780.1599998,29.49958108182209,106.44230547290611,29.49959802826855,106.44233183392227
525,1690354780.1799998,29.49958081067211,106.44230547292273,29.499598646643108,106.44233257597173
526,1690354780.1999998,29.499585428986748,106.44231009235884,29.499599371024736,106.4423334770318
527,1690354780.2199998,29.49958597180232,106.44231036407378,29.499600236749117,106.44233459010601
528,1690354780.2399998,29.499585971286702,106.4423100923256,29.4996011024735,106.44233570318022
529,1690354780.2600002,29.499585428471136,106.44230982061065,29.49960196819788,106.44233681625443
530,1690354780.2800002,29.499585972317934,106.44231063582195,29.49960283392226,106.44233792932863
531,1690354780.3000002,29.49958570890259,106.44231471206167,29.49960369964664,106.44233904240284
532,1690354780.3200002,29.49958543929961,106.442315527323,29.499604565371026,106.44234015547703
533,1690354780.3400002,29.49958598159957,106.44231552728978,29.499605431095407,106.44234126855123
534,1690354780.36,29.499590590633503,106.44231525525908,29.499606212014132,106.44234221201413
535,1690354780.38,29.49959059011784,106.44231498351084,29.499606830388693,106.44234283038868
536,1690354780.4,29.499591132417788,106.44231498347762,29.49960744876325,106.44234344876325
537,1690354780.42,29.499590599400268,106.44231987497952,29.499608067137814,106.44234406713781
538,1690354780.44,29.49959032825029,106.44231987499614,29.49960868551237,106.44234468551237
539,1690354780.46,29.4995908720974,106.4423206902078,29.499609303886928,106.44234530388692
540,1690354780.48,29.4995908720974,106.4423206902078,29.499609922261484,106.4423459222615
541,1690354780.5,29.499595209981333,106.44232041819367,29.499610540636045,106.44234654063604
542,1690354780.52,29.499596022915554,106.44232014639552,29.499611222614842,106.44234725441696
543,1690354780.54,29.499595761048955,106.44232503788191,29.499612088339223,106.44234824381624
544,1690354780.56,29.499595489898976,106.44232503789851,29.499612954063608,106.44234923321555
545,1690354780.58,29.499596032198937,106.4423250378653,29.49961381978799,106.44235022261483
546,1690354780.6,29.49959548938321,106.4423247661502,29.49961468551237,106.44235121201413
547,1690354780.62,29.49959549093052,106.44232558139522,29.49961555123675,106.44235220141343
548,1690354780.64,29.49959630438046,106.4423255813454,29.499616416961132,106.44235319081272
549,1690354780.6599998,29.499600651548704,106.442330200802,29.499617282685517,106.44235418021202
550,1690354780.6799998,29.49960038039872,106.44233020081862,29.49961810600707,106.44235512720849
551,1690354780.6999998,29.499601193848665,106.44233020076877,29.499618724381627,106.44235586925797
552,1690354780.7199998,29.499600922182864,106.442329929037,29.499619342756183,106.44235661130742
553,1690354780.7399998,29.499600379367084,106.4423296573218,29.49961996113074,106.4423573533569
554,1690354780.7600002,29.499600109764565,106.44233047258366,29.4996205795053,106.44235809540638
555,1690354780.7800002,29.499600661865685,106.4423356357708,29.499621197879858,106.44235883745583
556,1690354780.8000002,29.499605542049483,106.44233536372325,29.499621816254418,106.44235957950531
557,1690354780.8200002,29.49960608434945,106.44233536369,29.499622434628975,106.44236032155477
558,1690354780.8400002,29.499606083833577,106.44233509194154,29.499623106007064,106.44236111660777
559,1690354780.86,29.49960554101774,106.44233482022632,29.49962434275618,106.4423624770318
560,1690354780.88,29.499605279153847,106.4423397117157,29.4996255795053,106.44236383745583
561,1690354780.9,29.49960582145381,106.44233971168246,29.499626816254416,106.44236519787987
562,1690354780.92,29.4996055518516,106.44234052694466,29.499628053003534,106.44236655830389
563,1690354780.94,29.499610432551297,106.4423405266456,29.49962928975265,106.44236791872791
564,1690354780.96,29.499610974335337,106.44234025486382,29.499630526501765,106.44236927915195
565,1690354780.98,29.49961097381941,106.44233998311532,29.499631763250882,106.44237063957598
